{"cameraMode":{"drawMode":0,"name":"Shaded","section":"Shading Mode"},"sceneLighting":false,"audioPlay":false,"sceneViewState":{"showFog":true,"showMaterialUpdate":false,"showSkybox":false,"showFlares":true,"showImageEffects":true,"showParticleSystems":true},"in2DMode":false,"pivot":{"x":1.036707878112793,"y":0.1263594627380371,"z":-0.19830432534217835},"rotation":{"x":-3.8132700552750978e-8,"y":0.09435953199863434,"z":1.7496739701527987e-7,"w":0.9955393075942993},"size":1.9244277477264405,"orthographic":false}